ts_code,factor,max_missing_streak
000001.SZ,revenue_yoy,78
000002.SZ,revenue_yoy,78
000003.SZ,revenue_yoy,78
000004.SZ,revenue_yoy,78
000005.SZ,revenue_yoy,78
000006.SZ,revenue_yoy,78
000007.SZ,revenue_yoy,78
000008.SZ,revenue_yoy,78
000009.SZ,revenue_yoy,78
000010.SZ,revenue_yoy,78
000011.SZ,revenue_yoy,78
000012.SZ,revenue_yoy,78
000013.SZ,revenue_yoy,78
000014.SZ,revenue_yoy,78
000015.SZ,revenue_yoy,78
000016.SZ,revenue_yoy,78
000017.SZ,revenue_yoy,78
000018.SZ,revenue_yoy,78
000019.SZ,revenue_yoy,78
000020.SZ,revenue_yoy,78
000021.SZ,revenue_yoy,78
000022.SZ,revenue_yoy,78
000023.SZ,revenue_yoy,78
000024.SZ,revenue_yoy,78
000025.SZ,revenue_yoy,78
000026.SZ,revenue_yoy,78
000027.SZ,revenue_yoy,78
000028.SZ,revenue_yoy,78
000029.SZ,revenue_yoy,78
000030.SZ,revenue_yoy,78
000031.SZ,revenue_yoy,78
000032.SZ,revenue_yoy,78
000033.SZ,revenue_yoy,78
000034.SZ,revenue_yoy,78
000035.SZ,revenue_yoy,78
000036.SZ,revenue_yoy,78
000037.SZ,revenue_yoy,78
000038.SZ,revenue_yoy,78
000039.SZ,revenue_yoy,78
000040.SZ,revenue_yoy,78
000041.SZ,revenue_yoy,78
000042.SZ,revenue_yoy,78
000043.SZ,revenue_yoy,78
000044.SZ,revenue_yoy,78
000045.SZ,revenue_yoy,78
000046.SZ,revenue_yoy,78
000047.SZ,revenue_yoy,78
000048.SZ,revenue_yoy,78
000049.SZ,revenue_yoy,78
000050.SZ,revenue_yoy,78
000051.SZ,revenue_yoy,78
000052.SZ,revenue_yoy,78
000053.SZ,revenue_yoy,78
000054.SZ,revenue_yoy,78
000055.SZ,revenue_yoy,78
000056.SZ,revenue_yoy,78
000057.SZ,revenue_yoy,78
000058.SZ,revenue_yoy,78
000059.SZ,revenue_yoy,78
000060.SZ,revenue_yoy,78
000001.SZ,profit_yoy,78
000002.SZ,profit_yoy,78
000003.SZ,profit_yoy,78
000004.SZ,profit_yoy,78
000005.SZ,profit_yoy,78
000006.SZ,profit_yoy,78
000007.SZ,profit_yoy,78
000008.SZ,profit_yoy,78
000009.SZ,profit_yoy,78
000010.SZ,profit_yoy,78
000011.SZ,profit_yoy,78
000012.SZ,profit_yoy,78
000013.SZ,profit_yoy,78
000014.SZ,profit_yoy,78
000015.SZ,profit_yoy,78
000016.SZ,profit_yoy,78
000017.SZ,profit_yoy,78
000018.SZ,profit_yoy,78
000019.SZ,profit_yoy,78
000020.SZ,profit_yoy,78
000021.SZ,profit_yoy,78
000022.SZ,profit_yoy,78
000023.SZ,profit_yoy,78
000024.SZ,profit_yoy,78
000025.SZ,profit_yoy,78
000026.SZ,profit_yoy,78
000027.SZ,profit_yoy,78
000028.SZ,profit_yoy,78
000029.SZ,profit_yoy,78
000030.SZ,profit_yoy,78
000031.SZ,profit_yoy,78
000032.SZ,profit_yoy,78
000033.SZ,profit_yoy,78
000034.SZ,profit_yoy,78
000035.SZ,profit_yoy,78
000036.SZ,profit_yoy,78
000037.SZ,profit_yoy,78
000038.SZ,profit_yoy,78
000039.SZ,profit_yoy,78
000040.SZ,profit_yoy,78
000041.SZ,profit_yoy,78
000042.SZ,profit_yoy,78
000043.SZ,profit_yoy,78
000044.SZ,profit_yoy,78
000045.SZ,profit_yoy,78
000046.SZ,profit_yoy,78
000047.SZ,profit_yoy,78
000048.SZ,profit_yoy,78
000049.SZ,profit_yoy,78
000050.SZ,profit_yoy,78
000051.SZ,profit_yoy,78
000052.SZ,profit_yoy,78
000053.SZ,profit_yoy,78
000054.SZ,profit_yoy,78
000055.SZ,profit_yoy,78
000056.SZ,profit_yoy,78
000057.SZ,profit_yoy,78
000058.SZ,profit_yoy,78
000059.SZ,profit_yoy,78
000060.SZ,profit_yoy,78
000001.SZ,roe_delta,84
000002.SZ,roe_delta,84
000003.SZ,roe_delta,84
000004.SZ,roe_delta,84
000005.SZ,roe_delta,84
000006.SZ,roe_delta,84
000007.SZ,roe_delta,84
000008.SZ,roe_delta,84
000009.SZ,roe_delta,84
000010.SZ,roe_delta,84
000011.SZ,roe_delta,84
000012.SZ,roe_delta,84
000013.SZ,roe_delta,84
000014.SZ,roe_delta,84
000015.SZ,roe_delta,84
000016.SZ,roe_delta,84
000017.SZ,roe_delta,84
000018.SZ,roe_delta,84
000019.SZ,roe_delta,84
000020.SZ,roe_delta,84
000021.SZ,roe_delta,84
000022.SZ,roe_delta,84
000023.SZ,roe_delta,84
000024.SZ,roe_delta,84
000025.SZ,roe_delta,84
000026.SZ,roe_delta,84
000027.SZ,roe_delta,84
000028.SZ,roe_delta,84
000029.SZ,roe_delta,84
000030.SZ,roe_delta,84
000031.SZ,roe_delta,84
000032.SZ,roe_delta,84
000033.SZ,roe_delta,84
000034.SZ,roe_delta,84
000035.SZ,roe_delta,84
000036.SZ,roe_delta,84
000037.SZ,roe_delta,84
000038.SZ,roe_delta,84
000039.SZ,roe_delta,84
000040.SZ,roe_delta,84
000041.SZ,roe_delta,84
000042.SZ,roe_delta,84
000043.SZ,roe_delta,84
000044.SZ,roe_delta,84
000045.SZ,roe_delta,84
000046.SZ,roe_delta,84
000047.SZ,roe_delta,84
000048.SZ,roe_delta,84
000049.SZ,roe_delta,84
000050.SZ,roe_delta,84
000051.SZ,roe_delta,84
000052.SZ,roe_delta,84
000053.SZ,roe_delta,84
000054.SZ,roe_delta,84
000055.SZ,roe_delta,84
000056.SZ,roe_delta,84
000057.SZ,roe_delta,84
000058.SZ,roe_delta,84
000059.SZ,roe_delta,84
000060.SZ,roe_delta,84
000001.SZ,vol_20,10
000002.SZ,vol_20,10
000003.SZ,vol_20,10
000004.SZ,vol_20,10
000005.SZ,vol_20,10
000006.SZ,vol_20,10
000007.SZ,vol_20,10
000008.SZ,vol_20,10
000009.SZ,vol_20,10
000010.SZ,vol_20,10
000011.SZ,vol_20,10
000012.SZ,vol_20,10
000013.SZ,vol_20,10
000014.SZ,vol_20,10
000015.SZ,vol_20,10
000016.SZ,vol_20,10
000017.SZ,vol_20,10
000018.SZ,vol_20,10
000019.SZ,vol_20,10
000020.SZ,vol_20,10
000021.SZ,vol_20,10
000022.SZ,vol_20,10
000023.SZ,vol_20,10
000024.SZ,vol_20,10
000025.SZ,vol_20,10
000026.SZ,vol_20,10
000027.SZ,vol_20,10
000028.SZ,vol_20,10
000029.SZ,vol_20,10
000030.SZ,vol_20,10
000031.SZ,vol_20,10
000032.SZ,vol_20,10
000033.SZ,vol_20,10
000034.SZ,vol_20,10
000035.SZ,vol_20,10
000036.SZ,vol_20,10
000037.SZ,vol_20,10
000038.SZ,vol_20,10
000039.SZ,vol_20,10
000040.SZ,vol_20,10
000041.SZ,vol_20,10
000042.SZ,vol_20,10
000043.SZ,vol_20,10
000044.SZ,vol_20,10
000045.SZ,vol_20,10
000046.SZ,vol_20,10
000047.SZ,vol_20,10
000048.SZ,vol_20,10
000049.SZ,vol_20,10
000050.SZ,vol_20,10
000051.SZ,vol_20,10
000052.SZ,vol_20,10
000053.SZ,vol_20,10
000054.SZ,vol_20,10
000055.SZ,vol_20,10
000056.SZ,vol_20,10
000057.SZ,vol_20,10
000058.SZ,vol_20,10
000059.SZ,vol_20,10
000060.SZ,vol_20,10
000001.SZ,vol_60,30
000002.SZ,vol_60,30
000003.SZ,vol_60,30
000004.SZ,vol_60,30
000005.SZ,vol_60,30
000006.SZ,vol_60,30
000007.SZ,vol_60,30
000008.SZ,vol_60,30
000009.SZ,vol_60,30
000010.SZ,vol_60,30
000011.SZ,vol_60,30
000012.SZ,vol_60,30
000013.SZ,vol_60,30
000014.SZ,vol_60,30
000015.SZ,vol_60,30
000016.SZ,vol_60,30
000017.SZ,vol_60,30
000018.SZ,vol_60,30
000019.SZ,vol_60,30
000020.SZ,vol_60,30
000021.SZ,vol_60,30
000022.SZ,vol_60,30
000023.SZ,vol_60,30
000024.SZ,vol_60,30
000025.SZ,vol_60,30
000026.SZ,vol_60,30
000027.SZ,vol_60,30
000028.SZ,vol_60,30
000029.SZ,vol_60,30
000030.SZ,vol_60,30
000031.SZ,vol_60,30
000032.SZ,vol_60,30
000033.SZ,vol_60,30
000034.SZ,vol_60,30
000035.SZ,vol_60,30
000036.SZ,vol_60,30
000037.SZ,vol_60,30
000038.SZ,vol_60,30
000039.SZ,vol_60,30
000040.SZ,vol_60,30
000041.SZ,vol_60,30
000042.SZ,vol_60,30
000043.SZ,vol_60,30
000044.SZ,vol_60,30
000045.SZ,vol_60,30
000046.SZ,vol_60,30
000047.SZ,vol_60,30
000048.SZ,vol_60,30
000049.SZ,vol_60,30
000050.SZ,vol_60,30
000051.SZ,vol_60,30
000052.SZ,vol_60,30
000053.SZ,vol_60,30
000054.SZ,vol_60,30
000055.SZ,vol_60,30
000056.SZ,vol_60,30
000057.SZ,vol_60,30
000058.SZ,vol_60,30
000059.SZ,vol_60,30
000060.SZ,vol_60,30
000001.SZ,beta_60,30
000002.SZ,beta_60,30
000003.SZ,beta_60,30
000004.SZ,beta_60,30
000005.SZ,beta_60,30
000006.SZ,beta_60,30
000007.SZ,beta_60,30
000008.SZ,beta_60,30
000009.SZ,beta_60,30
000010.SZ,beta_60,30
000011.SZ,beta_60,30
000012.SZ,beta_60,30
000013.SZ,beta_60,30
000014.SZ,beta_60,30
000015.SZ,beta_60,30
000016.SZ,beta_60,30
000017.SZ,beta_60,30
000018.SZ,beta_60,30
000019.SZ,beta_60,30
000020.SZ,beta_60,30
000021.SZ,beta_60,30
000022.SZ,beta_60,30
000023.SZ,beta_60,30
000024.SZ,beta_60,30
000025.SZ,beta_60,30
000026.SZ,beta_60,30
000027.SZ,beta_60,30
000028.SZ,beta_60,30
000029.SZ,beta_60,30
000030.SZ,beta_60,30
000031.SZ,beta_60,30
000032.SZ,beta_60,30
000033.SZ,beta_60,30
000034.SZ,beta_60,30
000035.SZ,beta_60,30
000036.SZ,beta_60,30
000037.SZ,beta_60,30
000038.SZ,beta_60,30
000039.SZ,beta_60,30
000040.SZ,beta_60,30
000041.SZ,beta_60,30
000042.SZ,beta_60,30
000043.SZ,beta_60,30
000044.SZ,beta_60,30
000045.SZ,beta_60,30
000046.SZ,beta_60,30
000047.SZ,beta_60,30
000048.SZ,beta_60,30
000049.SZ,beta_60,30
000050.SZ,beta_60,30
000051.SZ,beta_60,30
000052.SZ,beta_60,30
000053.SZ,beta_60,30
000054.SZ,beta_60,30
000055.SZ,beta_60,30
000056.SZ,beta_60,30
000057.SZ,beta_60,30
000058.SZ,beta_60,30
000059.SZ,beta_60,30
000060.SZ,beta_60,30
000001.SZ,idio_vol_60,59
000002.SZ,idio_vol_60,59
000003.SZ,idio_vol_60,59
000004.SZ,idio_vol_60,59
000005.SZ,idio_vol_60,59
000006.SZ,idio_vol_60,59
000007.SZ,idio_vol_60,59
000008.SZ,idio_vol_60,59
000009.SZ,idio_vol_60,59
000010.SZ,idio_vol_60,59
000011.SZ,idio_vol_60,59
000012.SZ,idio_vol_60,59
000013.SZ,idio_vol_60,59
000014.SZ,idio_vol_60,59
000015.SZ,idio_vol_60,59
000016.SZ,idio_vol_60,59
000017.SZ,idio_vol_60,59
000018.SZ,idio_vol_60,59
000019.SZ,idio_vol_60,59
000020.SZ,idio_vol_60,59
000021.SZ,idio_vol_60,59
000022.SZ,idio_vol_60,59
000023.SZ,idio_vol_60,59
000024.SZ,idio_vol_60,59
000025.SZ,idio_vol_60,59
000026.SZ,idio_vol_60,59
000027.SZ,idio_vol_60,59
000028.SZ,idio_vol_60,59
000029.SZ,idio_vol_60,59
000030.SZ,idio_vol_60,59
000031.SZ,idio_vol_60,59
000032.SZ,idio_vol_60,59
000033.SZ,idio_vol_60,59
000034.SZ,idio_vol_60,59
000035.SZ,idio_vol_60,59
000036.SZ,idio_vol_60,59
000037.SZ,idio_vol_60,59
000038.SZ,idio_vol_60,59
000039.SZ,idio_vol_60,59
000040.SZ,idio_vol_60,59
000041.SZ,idio_vol_60,59
000042.SZ,idio_vol_60,59
000043.SZ,idio_vol_60,59
000044.SZ,idio_vol_60,59
000045.SZ,idio_vol_60,59
000046.SZ,idio_vol_60,59
000047.SZ,idio_vol_60,59
000048.SZ,idio_vol_60,59
000049.SZ,idio_vol_60,59
000050.SZ,idio_vol_60,59
000051.SZ,idio_vol_60,59
000052.SZ,idio_vol_60,59
000053.SZ,idio_vol_60,59
000054.SZ,idio_vol_60,59
000055.SZ,idio_vol_60,59
000056.SZ,idio_vol_60,59
000057.SZ,idio_vol_60,59
000058.SZ,idio_vol_60,59
000059.SZ,idio_vol_60,59
000060.SZ,idio_vol_60,59
000001.SZ,turnover_20,9
000002.SZ,turnover_20,9
000003.SZ,turnover_20,9
000004.SZ,turnover_20,9
000005.SZ,turnover_20,9
000006.SZ,turnover_20,9
000007.SZ,turnover_20,9
000008.SZ,turnover_20,9
000009.SZ,turnover_20,9
000010.SZ,turnover_20,9
000011.SZ,turnover_20,9
000012.SZ,turnover_20,9
000013.SZ,turnover_20,9
000014.SZ,turnover_20,9
000015.SZ,turnover_20,9
000016.SZ,turnover_20,9
000017.SZ,turnover_20,9
000018.SZ,turnover_20,9
000019.SZ,turnover_20,9
000020.SZ,turnover_20,9
000021.SZ,turnover_20,9
000022.SZ,turnover_20,9
000023.SZ,turnover_20,9
000024.SZ,turnover_20,9
000025.SZ,turnover_20,9
000026.SZ,turnover_20,9
000027.SZ,turnover_20,9
000028.SZ,turnover_20,9
000029.SZ,turnover_20,9
000030.SZ,turnover_20,9
000031.SZ,turnover_20,9
000032.SZ,turnover_20,9
000033.SZ,turnover_20,9
000034.SZ,turnover_20,9
000035.SZ,turnover_20,9
000036.SZ,turnover_20,9
000037.SZ,turnover_20,9
000038.SZ,turnover_20,9
000039.SZ,turnover_20,9
000040.SZ,turnover_20,9
000041.SZ,turnover_20,9
000042.SZ,turnover_20,9
000043.SZ,turnover_20,9
000044.SZ,turnover_20,9
000045.SZ,turnover_20,9
000046.SZ,turnover_20,9
000047.SZ,turnover_20,9
000048.SZ,turnover_20,9
000049.SZ,turnover_20,9
000050.SZ,turnover_20,9
000051.SZ,turnover_20,9
000052.SZ,turnover_20,9
000053.SZ,turnover_20,9
000054.SZ,turnover_20,9
000055.SZ,turnover_20,9
000056.SZ,turnover_20,9
000057.SZ,turnover_20,9
000058.SZ,turnover_20,9
000059.SZ,turnover_20,9
000060.SZ,turnover_20,9
000001.SZ,amihud_20,10
000002.SZ,amihud_20,10
000003.SZ,amihud_20,10
000004.SZ,amihud_20,10
000005.SZ,amihud_20,10
000006.SZ,amihud_20,10
000007.SZ,amihud_20,10
000008.SZ,amihud_20,10
000009.SZ,amihud_20,10
000010.SZ,amihud_20,10
000011.SZ,amihud_20,10
000012.SZ,amihud_20,10
000013.SZ,amihud_20,10
000014.SZ,amihud_20,10
000015.SZ,amihud_20,10
000016.SZ,amihud_20,10
000017.SZ,amihud_20,10
000018.SZ,amihud_20,10
000019.SZ,amihud_20,10
000020.SZ,amihud_20,10
000021.SZ,amihud_20,10
000022.SZ,amihud_20,10
000023.SZ,amihud_20,10
000024.SZ,amihud_20,10
000025.SZ,amihud_20,10
000026.SZ,amihud_20,10
000027.SZ,amihud_20,10
000028.SZ,amihud_20,10
000029.SZ,amihud_20,10
000030.SZ,amihud_20,10
000031.SZ,amihud_20,10
000032.SZ,amihud_20,10
000033.SZ,amihud_20,10
000034.SZ,amihud_20,10
000035.SZ,amihud_20,10
000036.SZ,amihud_20,10
000037.SZ,amihud_20,10
000038.SZ,amihud_20,10
000039.SZ,amihud_20,10
000040.SZ,amihud_20,10
000041.SZ,amihud_20,10
000042.SZ,amihud_20,10
000043.SZ,amihud_20,10
000044.SZ,amihud_20,10
000045.SZ,amihud_20,10
000046.SZ,amihud_20,10
000047.SZ,amihud_20,10
000048.SZ,amihud_20,10
000049.SZ,amihud_20,10
000050.SZ,amihud_20,10
000051.SZ,amihud_20,10
000052.SZ,amihud_20,10
000053.SZ,amihud_20,10
000054.SZ,amihud_20,10
000055.SZ,amihud_20,10
000056.SZ,amihud_20,10
000057.SZ,amihud_20,10
000058.SZ,amihud_20,10
000059.SZ,amihud_20,10
000060.SZ,amihud_20,10
000001.SZ,event_sentiment_20,0
000002.SZ,event_sentiment_20,0
000003.SZ,event_sentiment_20,0
000004.SZ,event_sentiment_20,0
000005.SZ,event_sentiment_20,0
000006.SZ,event_sentiment_20,0
000007.SZ,event_sentiment_20,0
000008.SZ,event_sentiment_20,0
000009.SZ,event_sentiment_20,0
000010.SZ,event_sentiment_20,0
000011.SZ,event_sentiment_20,0
000012.SZ,event_sentiment_20,0
000013.SZ,event_sentiment_20,0
000014.SZ,event_sentiment_20,0
000015.SZ,event_sentiment_20,0
000016.SZ,event_sentiment_20,0
000017.SZ,event_sentiment_20,0
000018.SZ,event_sentiment_20,0
000019.SZ,event_sentiment_20,0
000020.SZ,event_sentiment_20,0
000021.SZ,event_sentiment_20,0
000022.SZ,event_sentiment_20,0
000023.SZ,event_sentiment_20,0
000024.SZ,event_sentiment_20,0
000025.SZ,event_sentiment_20,0
000026.SZ,event_sentiment_20,0
000027.SZ,event_sentiment_20,0
000028.SZ,event_sentiment_20,0
000029.SZ,event_sentiment_20,0
000030.SZ,event_sentiment_20,0
000031.SZ,event_sentiment_20,0
000032.SZ,event_sentiment_20,0
000033.SZ,event_sentiment_20,0
000034.SZ,event_sentiment_20,0
000035.SZ,event_sentiment_20,0
000036.SZ,event_sentiment_20,0
000037.SZ,event_sentiment_20,0
000038.SZ,event_sentiment_20,0
000039.SZ,event_sentiment_20,0
000040.SZ,event_sentiment_20,0
000041.SZ,event_sentiment_20,0
000042.SZ,event_sentiment_20,0
000043.SZ,event_sentiment_20,0
000044.SZ,event_sentiment_20,0
000045.SZ,event_sentiment_20,0
000046.SZ,event_sentiment_20,0
000047.SZ,event_sentiment_20,0
000048.SZ,event_sentiment_20,0
000049.SZ,event_sentiment_20,0
000050.SZ,event_sentiment_20,0
000051.SZ,event_sentiment_20,0
000052.SZ,event_sentiment_20,0
000053.SZ,event_sentiment_20,0
000054.SZ,event_sentiment_20,0
000055.SZ,event_sentiment_20,0
000056.SZ,event_sentiment_20,0
000057.SZ,event_sentiment_20,0
000058.SZ,event_sentiment_20,0
000059.SZ,event_sentiment_20,0
000060.SZ,event_sentiment_20,0
000001.SZ,mom_20,20
000002.SZ,mom_20,20
000003.SZ,mom_20,20
000004.SZ,mom_20,20
000005.SZ,mom_20,20
000006.SZ,mom_20,20
000007.SZ,mom_20,20
000008.SZ,mom_20,20
000009.SZ,mom_20,20
000010.SZ,mom_20,20
000011.SZ,mom_20,20
000012.SZ,mom_20,20
000013.SZ,mom_20,20
000014.SZ,mom_20,20
000015.SZ,mom_20,20
000016.SZ,mom_20,20
000017.SZ,mom_20,20
000018.SZ,mom_20,20
000019.SZ,mom_20,20
000020.SZ,mom_20,20
000021.SZ,mom_20,20
000022.SZ,mom_20,20
000023.SZ,mom_20,20
000024.SZ,mom_20,20
000025.SZ,mom_20,20
000026.SZ,mom_20,20
000027.SZ,mom_20,20
000028.SZ,mom_20,20
000029.SZ,mom_20,20
000030.SZ,mom_20,20
000031.SZ,mom_20,20
000032.SZ,mom_20,20
000033.SZ,mom_20,20
000034.SZ,mom_20,20
000035.SZ,mom_20,20
000036.SZ,mom_20,20
000037.SZ,mom_20,20
000038.SZ,mom_20,20
000039.SZ,mom_20,20
000040.SZ,mom_20,20
000041.SZ,mom_20,20
000042.SZ,mom_20,20
000043.SZ,mom_20,20
000044.SZ,mom_20,20
000045.SZ,mom_20,20
000046.SZ,mom_20,20
000047.SZ,mom_20,20
000048.SZ,mom_20,20
000049.SZ,mom_20,20
000050.SZ,mom_20,20
000051.SZ,mom_20,20
000052.SZ,mom_20,20
000053.SZ,mom_20,20
000054.SZ,mom_20,20
000055.SZ,mom_20,20
000056.SZ,mom_20,20
000057.SZ,mom_20,20
000058.SZ,mom_20,20
000059.SZ,mom_20,20
000060.SZ,mom_20,20
000001.SZ,mom_60_skip5,60
000002.SZ,mom_60_skip5,60
000003.SZ,mom_60_skip5,60
000004.SZ,mom_60_skip5,60
000005.SZ,mom_60_skip5,60
000006.SZ,mom_60_skip5,60
000007.SZ,mom_60_skip5,60
000008.SZ,mom_60_skip5,60
000009.SZ,mom_60_skip5,60
000010.SZ,mom_60_skip5,60
000011.SZ,mom_60_skip5,60
000012.SZ,mom_60_skip5,60
000013.SZ,mom_60_skip5,60
000014.SZ,mom_60_skip5,60
000015.SZ,mom_60_skip5,60
000016.SZ,mom_60_skip5,60
000017.SZ,mom_60_skip5,60
000018.SZ,mom_60_skip5,60
000019.SZ,mom_60_skip5,60
000020.SZ,mom_60_skip5,60
000021.SZ,mom_60_skip5,60
000022.SZ,mom_60_skip5,60
000023.SZ,mom_60_skip5,60
000024.SZ,mom_60_skip5,60
000025.SZ,mom_60_skip5,60
000026.SZ,mom_60_skip5,60
000027.SZ,mom_60_skip5,60
000028.SZ,mom_60_skip5,60
000029.SZ,mom_60_skip5,60
000030.SZ,mom_60_skip5,60
000031.SZ,mom_60_skip5,60
000032.SZ,mom_60_skip5,60
000033.SZ,mom_60_skip5,60
000034.SZ,mom_60_skip5,60
000035.SZ,mom_60_skip5,60
000036.SZ,mom_60_skip5,60
000037.SZ,mom_60_skip5,60
000038.SZ,mom_60_skip5,60
000039.SZ,mom_60_skip5,60
000040.SZ,mom_60_skip5,60
000041.SZ,mom_60_skip5,60
000042.SZ,mom_60_skip5,60
000043.SZ,mom_60_skip5,60
000044.SZ,mom_60_skip5,60
000045.SZ,mom_60_skip5,60
000046.SZ,mom_60_skip5,60
000047.SZ,mom_60_skip5,60
000048.SZ,mom_60_skip5,60
000049.SZ,mom_60_skip5,60
000050.SZ,mom_60_skip5,60
000051.SZ,mom_60_skip5,60
000052.SZ,mom_60_skip5,60
000053.SZ,mom_60_skip5,60
000054.SZ,mom_60_skip5,60
000055.SZ,mom_60_skip5,60
000056.SZ,mom_60_skip5,60
000057.SZ,mom_60_skip5,60
000058.SZ,mom_60_skip5,60
000059.SZ,mom_60_skip5,60
000060.SZ,mom_60_skip5,60
000001.SZ,mom_120,120
000002.SZ,mom_120,120
000003.SZ,mom_120,120
000004.SZ,mom_120,120
000005.SZ,mom_120,120
000006.SZ,mom_120,120
000007.SZ,mom_120,120
000008.SZ,mom_120,120
000009.SZ,mom_120,120
000010.SZ,mom_120,120
000011.SZ,mom_120,120
000012.SZ,mom_120,120
000013.SZ,mom_120,120
000014.SZ,mom_120,120
000015.SZ,mom_120,120
000016.SZ,mom_120,120
000017.SZ,mom_120,120
000018.SZ,mom_120,120
000019.SZ,mom_120,120
000020.SZ,mom_120,120
000021.SZ,mom_120,120
000022.SZ,mom_120,120
000023.SZ,mom_120,120
000024.SZ,mom_120,120
000025.SZ,mom_120,120
000026.SZ,mom_120,120
000027.SZ,mom_120,120
000028.SZ,mom_120,120
000029.SZ,mom_120,120
000030.SZ,mom_120,120
000031.SZ,mom_120,120
000032.SZ,mom_120,120
000033.SZ,mom_120,120
000034.SZ,mom_120,120
000035.SZ,mom_120,120
000036.SZ,mom_120,120
000037.SZ,mom_120,120
000038.SZ,mom_120,120
000039.SZ,mom_120,120
000040.SZ,mom_120,120
000041.SZ,mom_120,120
000042.SZ,mom_120,120
000043.SZ,mom_120,120
000044.SZ,mom_120,120
000045.SZ,mom_120,120
000046.SZ,mom_120,120
000047.SZ,mom_120,120
000048.SZ,mom_120,120
000049.SZ,mom_120,120
000050.SZ,mom_120,120
000051.SZ,mom_120,120
000052.SZ,mom_120,120
000053.SZ,mom_120,120
000054.SZ,mom_120,120
000055.SZ,mom_120,120
000056.SZ,mom_120,120
000057.SZ,mom_120,120
000058.SZ,mom_120,120
000059.SZ,mom_120,120
000060.SZ,mom_120,120
000001.SZ,rev_5,5
000002.SZ,rev_5,5
000003.SZ,rev_5,5
000004.SZ,rev_5,5
000005.SZ,rev_5,5
000006.SZ,rev_5,5
000007.SZ,rev_5,5
000008.SZ,rev_5,5
000009.SZ,rev_5,5
000010.SZ,rev_5,5
000011.SZ,rev_5,5
000012.SZ,rev_5,5
000013.SZ,rev_5,5
000014.SZ,rev_5,5
000015.SZ,rev_5,5
000016.SZ,rev_5,5
000017.SZ,rev_5,5
000018.SZ,rev_5,5
000019.SZ,rev_5,5
000020.SZ,rev_5,5
000021.SZ,rev_5,5
000022.SZ,rev_5,5
000023.SZ,rev_5,5
000024.SZ,rev_5,5
000025.SZ,rev_5,5
000026.SZ,rev_5,5
000027.SZ,rev_5,5
000028.SZ,rev_5,5
000029.SZ,rev_5,5
000030.SZ,rev_5,5
000031.SZ,rev_5,5
000032.SZ,rev_5,5
000033.SZ,rev_5,5
000034.SZ,rev_5,5
000035.SZ,rev_5,5
000036.SZ,rev_5,5
000037.SZ,rev_5,5
000038.SZ,rev_5,5
000039.SZ,rev_5,5
000040.SZ,rev_5,5
000041.SZ,rev_5,5
000042.SZ,rev_5,5
000043.SZ,rev_5,5
000044.SZ,rev_5,5
000045.SZ,rev_5,5
000046.SZ,rev_5,5
000047.SZ,rev_5,5
000048.SZ,rev_5,5
000049.SZ,rev_5,5
000050.SZ,rev_5,5
000051.SZ,rev_5,5
000052.SZ,rev_5,5
000053.SZ,rev_5,5
000054.SZ,rev_5,5
000055.SZ,rev_5,5
000056.SZ,rev_5,5
000057.SZ,rev_5,5
000058.SZ,rev_5,5
000059.SZ,rev_5,5
000060.SZ,rev_5,5
000001.SZ,rev_20,20
000002.SZ,rev_20,20
000003.SZ,rev_20,20
000004.SZ,rev_20,20
000005.SZ,rev_20,20
000006.SZ,rev_20,20
000007.SZ,rev_20,20
000008.SZ,rev_20,20
000009.SZ,rev_20,20
000010.SZ,rev_20,20
000011.SZ,rev_20,20
000012.SZ,rev_20,20
000013.SZ,rev_20,20
000014.SZ,rev_20,20
000015.SZ,rev_20,20
000016.SZ,rev_20,20
000017.SZ,rev_20,20
000018.SZ,rev_20,20
000019.SZ,rev_20,20
000020.SZ,rev_20,20
000021.SZ,rev_20,20
000022.SZ,rev_20,20
000023.SZ,rev_20,20
000024.SZ,rev_20,20
000025.SZ,rev_20,20
000026.SZ,rev_20,20
000027.SZ,rev_20,20
000028.SZ,rev_20,20
000029.SZ,rev_20,20
000030.SZ,rev_20,20
000031.SZ,rev_20,20
000032.SZ,rev_20,20
000033.SZ,rev_20,20
000034.SZ,rev_20,20
000035.SZ,rev_20,20
000036.SZ,rev_20,20
000037.SZ,rev_20,20
000038.SZ,rev_20,20
000039.SZ,rev_20,20
000040.SZ,rev_20,20
000041.SZ,rev_20,20
000042.SZ,rev_20,20
000043.SZ,rev_20,20
000044.SZ,rev_20,20
000045.SZ,rev_20,20
000046.SZ,rev_20,20
000047.SZ,rev_20,20
000048.SZ,rev_20,20
000049.SZ,rev_20,20
000050.SZ,rev_20,20
000051.SZ,rev_20,20
000052.SZ,rev_20,20
000053.SZ,rev_20,20
000054.SZ,rev_20,20
000055.SZ,rev_20,20
000056.SZ,rev_20,20
000057.SZ,rev_20,20
000058.SZ,rev_20,20
000059.SZ,rev_20,20
000060.SZ,rev_20,20
000001.SZ,turnover_chg_20,29
000002.SZ,turnover_chg_20,29
000003.SZ,turnover_chg_20,29
000004.SZ,turnover_chg_20,29
000005.SZ,turnover_chg_20,29
000006.SZ,turnover_chg_20,29
000007.SZ,turnover_chg_20,29
000008.SZ,turnover_chg_20,29
000009.SZ,turnover_chg_20,29
000010.SZ,turnover_chg_20,29
000011.SZ,turnover_chg_20,29
000012.SZ,turnover_chg_20,29
000013.SZ,turnover_chg_20,29
000014.SZ,turnover_chg_20,29
000015.SZ,turnover_chg_20,29
000016.SZ,turnover_chg_20,29
000017.SZ,turnover_chg_20,29
000018.SZ,turnover_chg_20,29
000019.SZ,turnover_chg_20,29
000020.SZ,turnover_chg_20,29
000021.SZ,turnover_chg_20,29
000022.SZ,turnover_chg_20,29
000023.SZ,turnover_chg_20,29
000024.SZ,turnover_chg_20,29
000025.SZ,turnover_chg_20,29
000026.SZ,turnover_chg_20,29
000027.SZ,turnover_chg_20,29
000028.SZ,turnover_chg_20,29
000029.SZ,turnover_chg_20,29
000030.SZ,turnover_chg_20,29
000031.SZ,turnover_chg_20,29
000032.SZ,turnover_chg_20,29
000033.SZ,turnover_chg_20,29
000034.SZ,turnover_chg_20,29
000035.SZ,turnover_chg_20,29
000036.SZ,turnover_chg_20,29
000037.SZ,turnover_chg_20,29
000038.SZ,turnover_chg_20,29
000039.SZ,turnover_chg_20,29
000040.SZ,turnover_chg_20,29
000041.SZ,turnover_chg_20,29
000042.SZ,turnover_chg_20,29
000043.SZ,turnover_chg_20,29
000044.SZ,turnover_chg_20,29
000045.SZ,turnover_chg_20,29
000046.SZ,turnover_chg_20,29
000047.SZ,turnover_chg_20,29
000048.SZ,turnover_chg_20,29
000049.SZ,turnover_chg_20,29
000050.SZ,turnover_chg_20,29
000051.SZ,turnover_chg_20,29
000052.SZ,turnover_chg_20,29
000053.SZ,turnover_chg_20,29
000054.SZ,turnover_chg_20,29
000055.SZ,turnover_chg_20,29
000056.SZ,turnover_chg_20,29
000057.SZ,turnover_chg_20,29
000058.SZ,turnover_chg_20,29
000059.SZ,turnover_chg_20,29
000060.SZ,turnover_chg_20,29
000001.SZ,amount_mom_20,29
000002.SZ,amount_mom_20,29
000003.SZ,amount_mom_20,29
000004.SZ,amount_mom_20,29
000005.SZ,amount_mom_20,29
000006.SZ,amount_mom_20,29
000007.SZ,amount_mom_20,29
000008.SZ,amount_mom_20,29
000009.SZ,amount_mom_20,29
000010.SZ,amount_mom_20,29
000011.SZ,amount_mom_20,29
000012.SZ,amount_mom_20,29
000013.SZ,amount_mom_20,29
000014.SZ,amount_mom_20,29
000015.SZ,amount_mom_20,29
000016.SZ,amount_mom_20,29
000017.SZ,amount_mom_20,29
000018.SZ,amount_mom_20,29
000019.SZ,amount_mom_20,29
000020.SZ,amount_mom_20,29
000021.SZ,amount_mom_20,29
000022.SZ,amount_mom_20,29
000023.SZ,amount_mom_20,29
000024.SZ,amount_mom_20,29
000025.SZ,amount_mom_20,29
000026.SZ,amount_mom_20,29
000027.SZ,amount_mom_20,29
000028.SZ,amount_mom_20,29
000029.SZ,amount_mom_20,29
000030.SZ,amount_mom_20,29
000031.SZ,amount_mom_20,29
000032.SZ,amount_mom_20,29
000033.SZ,amount_mom_20,29
000034.SZ,amount_mom_20,29
000035.SZ,amount_mom_20,29
000036.SZ,amount_mom_20,29
000037.SZ,amount_mom_20,29
000038.SZ,amount_mom_20,29
000039.SZ,amount_mom_20,29
000040.SZ,amount_mom_20,29
000041.SZ,amount_mom_20,29
000042.SZ,amount_mom_20,29
000043.SZ,amount_mom_20,29
000044.SZ,amount_mom_20,29
000045.SZ,amount_mom_20,29
000046.SZ,amount_mom_20,29
000047.SZ,amount_mom_20,29
000048.SZ,amount_mom_20,29
000049.SZ,amount_mom_20,29
000050.SZ,amount_mom_20,29
000051.SZ,amount_mom_20,29
000052.SZ,amount_mom_20,29
000053.SZ,amount_mom_20,29
000054.SZ,amount_mom_20,29
000055.SZ,amount_mom_20,29
000056.SZ,amount_mom_20,29
000057.SZ,amount_mom_20,29
000058.SZ,amount_mom_20,29
000059.SZ,amount_mom_20,29
000060.SZ,amount_mom_20,29
000001.SZ,mf_5,2
000002.SZ,mf_5,2
000003.SZ,mf_5,2
000004.SZ,mf_5,2
000005.SZ,mf_5,2
000006.SZ,mf_5,2
000007.SZ,mf_5,2
000008.SZ,mf_5,2
000009.SZ,mf_5,2
000010.SZ,mf_5,2
000011.SZ,mf_5,2
000012.SZ,mf_5,2
000013.SZ,mf_5,2
000014.SZ,mf_5,2
000015.SZ,mf_5,2
000016.SZ,mf_5,2
000017.SZ,mf_5,2
000018.SZ,mf_5,2
000019.SZ,mf_5,2
000020.SZ,mf_5,2
000021.SZ,mf_5,2
000022.SZ,mf_5,2
000023.SZ,mf_5,2
000024.SZ,mf_5,2
000025.SZ,mf_5,2
000026.SZ,mf_5,2
000027.SZ,mf_5,2
000028.SZ,mf_5,2
000029.SZ,mf_5,2
000030.SZ,mf_5,2
000031.SZ,mf_5,2
000032.SZ,mf_5,2
000033.SZ,mf_5,2
000034.SZ,mf_5,2
000035.SZ,mf_5,2
000036.SZ,mf_5,2
000037.SZ,mf_5,2
000038.SZ,mf_5,2
000039.SZ,mf_5,2
000040.SZ,mf_5,2
000041.SZ,mf_5,2
000042.SZ,mf_5,2
000043.SZ,mf_5,2
000044.SZ,mf_5,2
000045.SZ,mf_5,2
000046.SZ,mf_5,2
000047.SZ,mf_5,2
000048.SZ,mf_5,2
000049.SZ,mf_5,2
000050.SZ,mf_5,2
000051.SZ,mf_5,2
000052.SZ,mf_5,2
000053.SZ,mf_5,2
000054.SZ,mf_5,2
000055.SZ,mf_5,2
000056.SZ,mf_5,2
000057.SZ,mf_5,2
000058.SZ,mf_5,2
000059.SZ,mf_5,2
000060.SZ,mf_5,2
000001.SZ,mf_20,9
000002.SZ,mf_20,9
000003.SZ,mf_20,9
000004.SZ,mf_20,9
000005.SZ,mf_20,9
000006.SZ,mf_20,9
000007.SZ,mf_20,9
000008.SZ,mf_20,9
000009.SZ,mf_20,9
000010.SZ,mf_20,9
000011.SZ,mf_20,9
000012.SZ,mf_20,9
000013.SZ,mf_20,9
000014.SZ,mf_20,9
000015.SZ,mf_20,9
000016.SZ,mf_20,9
000017.SZ,mf_20,9
000018.SZ,mf_20,9
000019.SZ,mf_20,9
000020.SZ,mf_20,9
000021.SZ,mf_20,9
000022.SZ,mf_20,9
000023.SZ,mf_20,9
000024.SZ,mf_20,9
000025.SZ,mf_20,9
000026.SZ,mf_20,9
000027.SZ,mf_20,9
000028.SZ,mf_20,9
000029.SZ,mf_20,9
000030.SZ,mf_20,9
000031.SZ,mf_20,9
000032.SZ,mf_20,9
000033.SZ,mf_20,9
000034.SZ,mf_20,9
000035.SZ,mf_20,9
000036.SZ,mf_20,9
000037.SZ,mf_20,9
000038.SZ,mf_20,9
000039.SZ,mf_20,9
000040.SZ,mf_20,9
000041.SZ,mf_20,9
000042.SZ,mf_20,9
000043.SZ,mf_20,9
000044.SZ,mf_20,9
000045.SZ,mf_20,9
000046.SZ,mf_20,9
000047.SZ,mf_20,9
000048.SZ,mf_20,9
000049.SZ,mf_20,9
000050.SZ,mf_20,9
000051.SZ,mf_20,9
000052.SZ,mf_20,9
000053.SZ,mf_20,9
000054.SZ,mf_20,9
000055.SZ,mf_20,9
000056.SZ,mf_20,9
000057.SZ,mf_20,9
000058.SZ,mf_20,9
000059.SZ,mf_20,9
000060.SZ,mf_20,9
000001.SZ,large_order_mf_20,9
000002.SZ,large_order_mf_20,9
000003.SZ,large_order_mf_20,9
000004.SZ,large_order_mf_20,9
000005.SZ,large_order_mf_20,9
000006.SZ,large_order_mf_20,9
000007.SZ,large_order_mf_20,9
000008.SZ,large_order_mf_20,9
000009.SZ,large_order_mf_20,9
000010.SZ,large_order_mf_20,9
000011.SZ,large_order_mf_20,9
000012.SZ,large_order_mf_20,9
000013.SZ,large_order_mf_20,9
000014.SZ,large_order_mf_20,9
000015.SZ,large_order_mf_20,9
000016.SZ,large_order_mf_20,9
000017.SZ,large_order_mf_20,9
000018.SZ,large_order_mf_20,9
000019.SZ,large_order_mf_20,9
000020.SZ,large_order_mf_20,9
000021.SZ,large_order_mf_20,9
000022.SZ,large_order_mf_20,9
000023.SZ,large_order_mf_20,9
000024.SZ,large_order_mf_20,9
000025.SZ,large_order_mf_20,9
000026.SZ,large_order_mf_20,9
000027.SZ,large_order_mf_20,9
000028.SZ,large_order_mf_20,9
000029.SZ,large_order_mf_20,9
000030.SZ,large_order_mf_20,9
000031.SZ,large_order_mf_20,9
000032.SZ,large_order_mf_20,9
000033.SZ,large_order_mf_20,9
000034.SZ,large_order_mf_20,9
000035.SZ,large_order_mf_20,9
000036.SZ,large_order_mf_20,9
000037.SZ,large_order_mf_20,9
000038.SZ,large_order_mf_20,9
000039.SZ,large_order_mf_20,9
000040.SZ,large_order_mf_20,9
000041.SZ,large_order_mf_20,9
000042.SZ,large_order_mf_20,9
000043.SZ,large_order_mf_20,9
000044.SZ,large_order_mf_20,9
000045.SZ,large_order_mf_20,9
000046.SZ,large_order_mf_20,9
000047.SZ,large_order_mf_20,9
000048.SZ,large_order_mf_20,9
000049.SZ,large_order_mf_20,9
000050.SZ,large_order_mf_20,9
000051.SZ,large_order_mf_20,9
000052.SZ,large_order_mf_20,9
000053.SZ,large_order_mf_20,9
000054.SZ,large_order_mf_20,9
000055.SZ,large_order_mf_20,9
000056.SZ,large_order_mf_20,9
000057.SZ,large_order_mf_20,9
000058.SZ,large_order_mf_20,9
000059.SZ,large_order_mf_20,9
000060.SZ,large_order_mf_20,9
000001.SZ,roe,78
000002.SZ,roe,78
000003.SZ,roe,78
000004.SZ,roe,78
000005.SZ,roe,78
000006.SZ,roe,78
000007.SZ,roe,78
000008.SZ,roe,78
000009.SZ,roe,78
000010.SZ,roe,78
000011.SZ,roe,78
000012.SZ,roe,78
000013.SZ,roe,78
000014.SZ,roe,78
000015.SZ,roe,78
000016.SZ,roe,78
000017.SZ,roe,78
000018.SZ,roe,78
000019.SZ,roe,78
000020.SZ,roe,78
000021.SZ,roe,78
000022.SZ,roe,78
000023.SZ,roe,78
000024.SZ,roe,78
000025.SZ,roe,78
000026.SZ,roe,78
000027.SZ,roe,78
000028.SZ,roe,78
000029.SZ,roe,78
000030.SZ,roe,78
000031.SZ,roe,78
000032.SZ,roe,78
000033.SZ,roe,78
000034.SZ,roe,78
000035.SZ,roe,78
000036.SZ,roe,78
000037.SZ,roe,78
000038.SZ,roe,78
000039.SZ,roe,78
000040.SZ,roe,78
000041.SZ,roe,78
000042.SZ,roe,78
000043.SZ,roe,78
000044.SZ,roe,78
000045.SZ,roe,78
000046.SZ,roe,78
000047.SZ,roe,78
000048.SZ,roe,78
000049.SZ,roe,78
000050.SZ,roe,78
000051.SZ,roe,78
000052.SZ,roe,78
000053.SZ,roe,78
000054.SZ,roe,78
000055.SZ,roe,78
000056.SZ,roe,78
000057.SZ,roe,78
000058.SZ,roe,78
000059.SZ,roe,78
000060.SZ,roe,78
000001.SZ,roa,78
000002.SZ,roa,78
000003.SZ,roa,78
000004.SZ,roa,78
000005.SZ,roa,78
000006.SZ,roa,78
000007.SZ,roa,78
000008.SZ,roa,78
000009.SZ,roa,78
000010.SZ,roa,78
000011.SZ,roa,78
000012.SZ,roa,78
000013.SZ,roa,78
000014.SZ,roa,78
000015.SZ,roa,78
000016.SZ,roa,78
000017.SZ,roa,78
000018.SZ,roa,78
000019.SZ,roa,78
000020.SZ,roa,78
000021.SZ,roa,78
000022.SZ,roa,78
000023.SZ,roa,78
000024.SZ,roa,78
000025.SZ,roa,78
000026.SZ,roa,78
000027.SZ,roa,78
000028.SZ,roa,78
000029.SZ,roa,78
000030.SZ,roa,78
000031.SZ,roa,78
000032.SZ,roa,78
000033.SZ,roa,78
000034.SZ,roa,78
000035.SZ,roa,78
000036.SZ,roa,78
000037.SZ,roa,78
000038.SZ,roa,78
000039.SZ,roa,78
000040.SZ,roa,78
000041.SZ,roa,78
000042.SZ,roa,78
000043.SZ,roa,78
000044.SZ,roa,78
000045.SZ,roa,78
000046.SZ,roa,78
000047.SZ,roa,78
000048.SZ,roa,78
000049.SZ,roa,78
000050.SZ,roa,78
000051.SZ,roa,78
000052.SZ,roa,78
000053.SZ,roa,78
000054.SZ,roa,78
000055.SZ,roa,78
000056.SZ,roa,78
000057.SZ,roa,78
000058.SZ,roa,78
000059.SZ,roa,78
000060.SZ,roa,78
000001.SZ,gross_margin,78
000002.SZ,gross_margin,78
000003.SZ,gross_margin,78
000004.SZ,gross_margin,78
000005.SZ,gross_margin,78
000006.SZ,gross_margin,78
000007.SZ,gross_margin,78
000008.SZ,gross_margin,78
000009.SZ,gross_margin,78
000010.SZ,gross_margin,78
000011.SZ,gross_margin,78
000012.SZ,gross_margin,78
000013.SZ,gross_margin,78
000014.SZ,gross_margin,78
000015.SZ,gross_margin,78
000016.SZ,gross_margin,78
000017.SZ,gross_margin,78
000018.SZ,gross_margin,78
000019.SZ,gross_margin,78
000020.SZ,gross_margin,78
000021.SZ,gross_margin,78
000022.SZ,gross_margin,78
000023.SZ,gross_margin,78
000024.SZ,gross_margin,78
000025.SZ,gross_margin,78
000026.SZ,gross_margin,78
000027.SZ,gross_margin,78
000028.SZ,gross_margin,78
000029.SZ,gross_margin,78
000030.SZ,gross_margin,78
000031.SZ,gross_margin,78
000032.SZ,gross_margin,78
000033.SZ,gross_margin,78
000034.SZ,gross_margin,78
000035.SZ,gross_margin,78
000036.SZ,gross_margin,78
000037.SZ,gross_margin,78
000038.SZ,gross_margin,78
000039.SZ,gross_margin,78
000040.SZ,gross_margin,78
000041.SZ,gross_margin,78
000042.SZ,gross_margin,78
000043.SZ,gross_margin,78
000044.SZ,gross_margin,78
000045.SZ,gross_margin,78
000046.SZ,gross_margin,78
000047.SZ,gross_margin,78
000048.SZ,gross_margin,78
000049.SZ,gross_margin,78
000050.SZ,gross_margin,78
000051.SZ,gross_margin,78
000052.SZ,gross_margin,78
000053.SZ,gross_margin,78
000054.SZ,gross_margin,78
000055.SZ,gross_margin,78
000056.SZ,gross_margin,78
000057.SZ,gross_margin,78
000058.SZ,gross_margin,78
000059.SZ,gross_margin,78
000060.SZ,gross_margin,78
000001.SZ,gross_margin_stability,84
000002.SZ,gross_margin_stability,84
000003.SZ,gross_margin_stability,84
000004.SZ,gross_margin_stability,84
000005.SZ,gross_margin_stability,84
000006.SZ,gross_margin_stability,84
000007.SZ,gross_margin_stability,84
000008.SZ,gross_margin_stability,84
000009.SZ,gross_margin_stability,84
000010.SZ,gross_margin_stability,84
000011.SZ,gross_margin_stability,84
000012.SZ,gross_margin_stability,84
000013.SZ,gross_margin_stability,84
000014.SZ,gross_margin_stability,84
000015.SZ,gross_margin_stability,84
000016.SZ,gross_margin_stability,84
000017.SZ,gross_margin_stability,84
000018.SZ,gross_margin_stability,84
000019.SZ,gross_margin_stability,84
000020.SZ,gross_margin_stability,84
000021.SZ,gross_margin_stability,84
000022.SZ,gross_margin_stability,84
000023.SZ,gross_margin_stability,84
000024.SZ,gross_margin_stability,84
000025.SZ,gross_margin_stability,84
000026.SZ,gross_margin_stability,84
000027.SZ,gross_margin_stability,84
000028.SZ,gross_margin_stability,84
000029.SZ,gross_margin_stability,84
000030.SZ,gross_margin_stability,84
000031.SZ,gross_margin_stability,84
000032.SZ,gross_margin_stability,84
000033.SZ,gross_margin_stability,84
000034.SZ,gross_margin_stability,84
000035.SZ,gross_margin_stability,84
000036.SZ,gross_margin_stability,84
000037.SZ,gross_margin_stability,84
000038.SZ,gross_margin_stability,84
000039.SZ,gross_margin_stability,84
000040.SZ,gross_margin_stability,84
000041.SZ,gross_margin_stability,84
000042.SZ,gross_margin_stability,84
000043.SZ,gross_margin_stability,84
000044.SZ,gross_margin_stability,84
000045.SZ,gross_margin_stability,84
000046.SZ,gross_margin_stability,84
000047.SZ,gross_margin_stability,84
000048.SZ,gross_margin_stability,84
000049.SZ,gross_margin_stability,84
000050.SZ,gross_margin_stability,84
000051.SZ,gross_margin_stability,84
000052.SZ,gross_margin_stability,84
000053.SZ,gross_margin_stability,84
000054.SZ,gross_margin_stability,84
000055.SZ,gross_margin_stability,84
000056.SZ,gross_margin_stability,84
000057.SZ,gross_margin_stability,84
000058.SZ,gross_margin_stability,84
000059.SZ,gross_margin_stability,84
000060.SZ,gross_margin_stability,84
000001.SZ,debt_ratio,78
000002.SZ,debt_ratio,78
000003.SZ,debt_ratio,78
000004.SZ,debt_ratio,78
000005.SZ,debt_ratio,78
000006.SZ,debt_ratio,78
000007.SZ,debt_ratio,78
000008.SZ,debt_ratio,78
000009.SZ,debt_ratio,78
000010.SZ,debt_ratio,78
000011.SZ,debt_ratio,78
000012.SZ,debt_ratio,78
000013.SZ,debt_ratio,78
000014.SZ,debt_ratio,78
000015.SZ,debt_ratio,78
000016.SZ,debt_ratio,78
000017.SZ,debt_ratio,78
000018.SZ,debt_ratio,78
000019.SZ,debt_ratio,78
000020.SZ,debt_ratio,78
000021.SZ,debt_ratio,78
000022.SZ,debt_ratio,78
000023.SZ,debt_ratio,78
000024.SZ,debt_ratio,78
000025.SZ,debt_ratio,78
000026.SZ,debt_ratio,78
000027.SZ,debt_ratio,78
000028.SZ,debt_ratio,78
000029.SZ,debt_ratio,78
000030.SZ,debt_ratio,78
000031.SZ,debt_ratio,78
000032.SZ,debt_ratio,78
000033.SZ,debt_ratio,78
000034.SZ,debt_ratio,78
000035.SZ,debt_ratio,78
000036.SZ,debt_ratio,78
000037.SZ,debt_ratio,78
000038.SZ,debt_ratio,78
000039.SZ,debt_ratio,78
000040.SZ,debt_ratio,78
000041.SZ,debt_ratio,78
000042.SZ,debt_ratio,78
000043.SZ,debt_ratio,78
000044.SZ,debt_ratio,78
000045.SZ,debt_ratio,78
000046.SZ,debt_ratio,78
000047.SZ,debt_ratio,78
000048.SZ,debt_ratio,78
000049.SZ,debt_ratio,78
000050.SZ,debt_ratio,78
000051.SZ,debt_ratio,78
000052.SZ,debt_ratio,78
000053.SZ,debt_ratio,78
000054.SZ,debt_ratio,78
000055.SZ,debt_ratio,78
000056.SZ,debt_ratio,78
000057.SZ,debt_ratio,78
000058.SZ,debt_ratio,78
000059.SZ,debt_ratio,78
000060.SZ,debt_ratio,78
000001.SZ,asset_turnover,78
000002.SZ,asset_turnover,78
000003.SZ,asset_turnover,78
000004.SZ,asset_turnover,78
000005.SZ,asset_turnover,78
000006.SZ,asset_turnover,78
000007.SZ,asset_turnover,78
000008.SZ,asset_turnover,78
000009.SZ,asset_turnover,78
000010.SZ,asset_turnover,78
000011.SZ,asset_turnover,78
000012.SZ,asset_turnover,78
000013.SZ,asset_turnover,78
000014.SZ,asset_turnover,78
000015.SZ,asset_turnover,78
000016.SZ,asset_turnover,78
000017.SZ,asset_turnover,78
000018.SZ,asset_turnover,78
000019.SZ,asset_turnover,78
000020.SZ,asset_turnover,78
000021.SZ,asset_turnover,78
000022.SZ,asset_turnover,78
000023.SZ,asset_turnover,78
000024.SZ,asset_turnover,78
000025.SZ,asset_turnover,78
000026.SZ,asset_turnover,78
000027.SZ,asset_turnover,78
000028.SZ,asset_turnover,78
000029.SZ,asset_turnover,78
000030.SZ,asset_turnover,78
000031.SZ,asset_turnover,78
000032.SZ,asset_turnover,78
000033.SZ,asset_turnover,78
000034.SZ,asset_turnover,78
000035.SZ,asset_turnover,78
000036.SZ,asset_turnover,78
000037.SZ,asset_turnover,78
000038.SZ,asset_turnover,78
000039.SZ,asset_turnover,78
000040.SZ,asset_turnover,78
000041.SZ,asset_turnover,78
000042.SZ,asset_turnover,78
000043.SZ,asset_turnover,78
000044.SZ,asset_turnover,78
000045.SZ,asset_turnover,78
000046.SZ,asset_turnover,78
000047.SZ,asset_turnover,78
000048.SZ,asset_turnover,78
000049.SZ,asset_turnover,78
000050.SZ,asset_turnover,78
000051.SZ,asset_turnover,78
000052.SZ,asset_turnover,78
000053.SZ,asset_turnover,78
000054.SZ,asset_turnover,78
000055.SZ,asset_turnover,78
000056.SZ,asset_turnover,78
000057.SZ,asset_turnover,78
000058.SZ,asset_turnover,78
000059.SZ,asset_turnover,78
000060.SZ,asset_turnover,78
000001.SZ,size,0
000002.SZ,size,0
000003.SZ,size,0
000004.SZ,size,0
000005.SZ,size,0
000006.SZ,size,0
000007.SZ,size,0
000008.SZ,size,0
000009.SZ,size,0
000010.SZ,size,0
000011.SZ,size,0
000012.SZ,size,0
000013.SZ,size,0
000014.SZ,size,0
000015.SZ,size,0
000016.SZ,size,0
000017.SZ,size,0
000018.SZ,size,0
000019.SZ,size,0
000020.SZ,size,0
000021.SZ,size,0
000022.SZ,size,0
000023.SZ,size,0
000024.SZ,size,0
000025.SZ,size,0
000026.SZ,size,0
000027.SZ,size,0
000028.SZ,size,0
000029.SZ,size,0
000030.SZ,size,0
000031.SZ,size,0
000032.SZ,size,0
000033.SZ,size,0
000034.SZ,size,0
000035.SZ,size,0
000036.SZ,size,0
000037.SZ,size,0
000038.SZ,size,0
000039.SZ,size,0
000040.SZ,size,0
000041.SZ,size,0
000042.SZ,size,0
000043.SZ,size,0
000044.SZ,size,0
000045.SZ,size,0
000046.SZ,size,0
000047.SZ,size,0
000048.SZ,size,0
000049.SZ,size,0
000050.SZ,size,0
000051.SZ,size,0
000052.SZ,size,0
000053.SZ,size,0
000054.SZ,size,0
000055.SZ,size,0
000056.SZ,size,0
000057.SZ,size,0
000058.SZ,size,0
000059.SZ,size,0
000060.SZ,size,0
000001.SZ,bp,0
000002.SZ,bp,0
000003.SZ,bp,0
000004.SZ,bp,0
000005.SZ,bp,0
000006.SZ,bp,0
000007.SZ,bp,0
000008.SZ,bp,0
000009.SZ,bp,0
000010.SZ,bp,0
000011.SZ,bp,0
000012.SZ,bp,0
000013.SZ,bp,0
000014.SZ,bp,0
000015.SZ,bp,0
000016.SZ,bp,0
000017.SZ,bp,0
000018.SZ,bp,0
000019.SZ,bp,0
000020.SZ,bp,0
000021.SZ,bp,0
000022.SZ,bp,0
000023.SZ,bp,0
000024.SZ,bp,0
000025.SZ,bp,0
000026.SZ,bp,0
000027.SZ,bp,0
000028.SZ,bp,0
000029.SZ,bp,0
000030.SZ,bp,0
000031.SZ,bp,0
000032.SZ,bp,0
000033.SZ,bp,0
000034.SZ,bp,0
000035.SZ,bp,0
000036.SZ,bp,0
000037.SZ,bp,0
000038.SZ,bp,0
000039.SZ,bp,0
000040.SZ,bp,0
000041.SZ,bp,0
000042.SZ,bp,0
000043.SZ,bp,0
000044.SZ,bp,0
000045.SZ,bp,0
000046.SZ,bp,0
000047.SZ,bp,0
000048.SZ,bp,0
000049.SZ,bp,0
000050.SZ,bp,0
000051.SZ,bp,0
000052.SZ,bp,0
000053.SZ,bp,0
000054.SZ,bp,0
000055.SZ,bp,0
000056.SZ,bp,0
000057.SZ,bp,0
000058.SZ,bp,0
000059.SZ,bp,0
000060.SZ,bp,0
000001.SZ,ep,0
000002.SZ,ep,0
000003.SZ,ep,0
000004.SZ,ep,0
000005.SZ,ep,0
000006.SZ,ep,0
000007.SZ,ep,0
000008.SZ,ep,0
000009.SZ,ep,0
000010.SZ,ep,0
000011.SZ,ep,0
000012.SZ,ep,0
000013.SZ,ep,0
000014.SZ,ep,0
000015.SZ,ep,0
000016.SZ,ep,0
000017.SZ,ep,0
000018.SZ,ep,0
000019.SZ,ep,0
000020.SZ,ep,0
000021.SZ,ep,0
000022.SZ,ep,0
000023.SZ,ep,0
000024.SZ,ep,0
000025.SZ,ep,0
000026.SZ,ep,0
000027.SZ,ep,0
000028.SZ,ep,0
000029.SZ,ep,0
000030.SZ,ep,0
000031.SZ,ep,0
000032.SZ,ep,0
000033.SZ,ep,0
000034.SZ,ep,0
000035.SZ,ep,0
000036.SZ,ep,0
000037.SZ,ep,0
000038.SZ,ep,0
000039.SZ,ep,0
000040.SZ,ep,0
000041.SZ,ep,0
000042.SZ,ep,0
000043.SZ,ep,0
000044.SZ,ep,0
000045.SZ,ep,0
000046.SZ,ep,0
000047.SZ,ep,0
000048.SZ,ep,0
000049.SZ,ep,0
000050.SZ,ep,0
000051.SZ,ep,0
000052.SZ,ep,0
000053.SZ,ep,0
000054.SZ,ep,0
000055.SZ,ep,0
000056.SZ,ep,0
000057.SZ,ep,0
000058.SZ,ep,0
000059.SZ,ep,0
000060.SZ,ep,0
000001.SZ,sp,0
000002.SZ,sp,0
000003.SZ,sp,0
000004.SZ,sp,0
000005.SZ,sp,0
000006.SZ,sp,0
000007.SZ,sp,0
000008.SZ,sp,0
000009.SZ,sp,0
000010.SZ,sp,0
000011.SZ,sp,0
000012.SZ,sp,0
000013.SZ,sp,0
000014.SZ,sp,0
000015.SZ,sp,0
000016.SZ,sp,0
000017.SZ,sp,0
000018.SZ,sp,0
000019.SZ,sp,0
000020.SZ,sp,0
000021.SZ,sp,0
000022.SZ,sp,0
000023.SZ,sp,0
000024.SZ,sp,0
000025.SZ,sp,0
000026.SZ,sp,0
000027.SZ,sp,0
000028.SZ,sp,0
000029.SZ,sp,0
000030.SZ,sp,0
000031.SZ,sp,0
000032.SZ,sp,0
000033.SZ,sp,0
000034.SZ,sp,0
000035.SZ,sp,0
000036.SZ,sp,0
000037.SZ,sp,0
000038.SZ,sp,0
000039.SZ,sp,0
000040.SZ,sp,0
000041.SZ,sp,0
000042.SZ,sp,0
000043.SZ,sp,0
000044.SZ,sp,0
000045.SZ,sp,0
000046.SZ,sp,0
000047.SZ,sp,0
000048.SZ,sp,0
000049.SZ,sp,0
000050.SZ,sp,0
000051.SZ,sp,0
000052.SZ,sp,0
000053.SZ,sp,0
000054.SZ,sp,0
000055.SZ,sp,0
000056.SZ,sp,0
000057.SZ,sp,0
000058.SZ,sp,0
000059.SZ,sp,0
000060.SZ,sp,0
000001.SZ,cfp,78
000002.SZ,cfp,78
000003.SZ,cfp,78
000004.SZ,cfp,78
000005.SZ,cfp,78
000006.SZ,cfp,78
000007.SZ,cfp,78
000008.SZ,cfp,78
000009.SZ,cfp,78
000010.SZ,cfp,78
000011.SZ,cfp,78
000012.SZ,cfp,78
000013.SZ,cfp,78
000014.SZ,cfp,78
000015.SZ,cfp,78
000016.SZ,cfp,78
000017.SZ,cfp,78
000018.SZ,cfp,78
000019.SZ,cfp,78
000020.SZ,cfp,78
000021.SZ,cfp,78
000022.SZ,cfp,78
000023.SZ,cfp,78
000024.SZ,cfp,78
000025.SZ,cfp,78
000026.SZ,cfp,78
000027.SZ,cfp,78
000028.SZ,cfp,78
000029.SZ,cfp,78
000030.SZ,cfp,78
000031.SZ,cfp,78
000032.SZ,cfp,78
000033.SZ,cfp,78
000034.SZ,cfp,78
000035.SZ,cfp,78
000036.SZ,cfp,78
000037.SZ,cfp,78
000038.SZ,cfp,78
000039.SZ,cfp,78
000040.SZ,cfp,78
000041.SZ,cfp,78
000042.SZ,cfp,78
000043.SZ,cfp,78
000044.SZ,cfp,78
000045.SZ,cfp,78
000046.SZ,cfp,78
000047.SZ,cfp,78
000048.SZ,cfp,78
000049.SZ,cfp,78
000050.SZ,cfp,78
000051.SZ,cfp,78
000052.SZ,cfp,78
000053.SZ,cfp,78
000054.SZ,cfp,78
000055.SZ,cfp,78
000056.SZ,cfp,78
000057.SZ,cfp,78
000058.SZ,cfp,78
000059.SZ,cfp,78
000060.SZ,cfp,78
